5, Conformance_Size5Alignment4_randomly_generated_V2_Decode_Class::~Conformance_Size5Alignment4_randomly_generated_V2_Decode_Class()
5, Conformance_Size5Alignment4Array_V2_Decode_Class::~Conformance_Size5Alignment4Array_V2_Decode_Class()
5, Conformance_Size5Alignment4Vector_V2_Decode_Class::~Conformance_Size5Alignment4Vector_V2_Decode_Class()
5, auto fidl::internal::MakeNaturalTopLevelDecodeFn<test_conformance::Size5Alignment4Vector>()::'lambda'(fidl::internal::NaturalDecoder*, void*, unsigned long, unsigned long)::__invoke(fidl::internal::NaturalDecoder*, void*, unsigned long, unsigned long)
8, fit::internal::target<std::__2::unique_ptr<Conformance_Size5Alignment4_randomly_generated_V2_Decode_Class, std::__2::default_delete<Conformance_Size5Alignment4_randomly_generated_V2_Decode_Class>> (*)(zxtest::internal::TestDriver*), true, false, std::__2::unique_ptr<zxtest::Test, std::__2::default_delete<zxtest::Test>>, zxtest::internal::TestDriver*>::invoke(void*, zxtest::internal::TestDriver*)
8, fit::internal::target<std::__2::unique_ptr<Conformance_Size5Alignment4Array_V2_Decode_Class, std::__2::default_delete<Conformance_Size5Alignment4Array_V2_Decode_Class>> (*)(zxtest::internal::TestDriver*), true, false, std::__2::unique_ptr<zxtest::Test, std::__2::default_delete<zxtest::Test>>, zxtest::internal::TestDriver*>::invoke(void*, zxtest::internal::TestDriver*)
8, fit::internal::target<std::__2::unique_ptr<Conformance_Size5Alignment4Vector_V2_Decode_Class, std::__2::default_delete<Conformance_Size5Alignment4Vector_V2_Decode_Class>> (*)(zxtest::internal::TestDriver*), true, false, std::__2::unique_ptr<zxtest::Test, std::__2::default_delete<zxtest::Test>>, zxtest::internal::TestDriver*>::invoke(void*, zxtest::internal::TestDriver*)
30, std::__2::unique_ptr<Conformance_Size5Alignment4_randomly_generated_V2_Decode_Class, std::__2::default_delete<Conformance_Size5Alignment4_randomly_generated_V2_Decode_Class>> zxtest::Test::Create<Conformance_Size5Alignment4_randomly_generated_V2_Decode_Class>(zxtest::internal::TestDriver*)
30, std::__2::unique_ptr<Conformance_Size5Alignment4Array_V2_Decode_Class, std::__2::default_delete<Conformance_Size5Alignment4Array_V2_Decode_Class>> zxtest::Test::Create<Conformance_Size5Alignment4Array_V2_Decode_Class>(zxtest::internal::TestDriver*)
30, std::__2::unique_ptr<Conformance_Size5Alignment4Vector_V2_Decode_Class, std::__2::default_delete<Conformance_Size5Alignment4Vector_V2_Decode_Class>> zxtest::Test::Create<Conformance_Size5Alignment4Vector_V2_Decode_Class>(zxtest::internal::TestDriver*)
59, auto fidl::internal::MakeNaturalTopLevelDecodeFn<test_conformance::Size5Alignment4>()::'lambda'(fidl::internal::NaturalDecoder*, void*, unsigned long, unsigned long)::__invoke(fidl::internal::NaturalDecoder*, void*, unsigned long, unsigned long)
83, auto fidl::internal::MakeNaturalTopLevelDecodeFn<test_conformance::Size5Alignment4Array>()::'lambda'(fidl::internal::NaturalDecoder*, void*, unsigned long, unsigned long)::__invoke(fidl::internal::NaturalDecoder*, void*, unsigned long, unsigned long)
193, void fidl::internal::NaturalDecodeVectorBody<test_conformance::Size5Alignment4, fidl::internal::NaturalCodingConstraintEmpty>(fidl::internal::NaturalUseStdCopy<false>, fidl::internal::NaturalDecoder*, unsigned long, unsigned long, std::__2::vector<test_conformance::Size5Alignment4, std::__2::allocator<test_conformance::Size5Alignment4>>*, unsigned long, unsigned long)
211, Conformance_Size5Alignment4_randomly_generated_V2_Decode_register_fn()
211, Conformance_Size5Alignment4Array_V2_Decode_register_fn()
211, Conformance_Size5Alignment4Vector_V2_Decode_register_fn()
271, zxtest::TestRef zxtest::Runner::RegisterTest<zxtest::Test, Conformance_Size5Alignment4_randomly_generated_V2_Decode_Class>(fbl::String const&, fbl::String const&, char const*, int, fit::function_impl<16ul, false, std::__2::unique_ptr<zxtest::Test, std::__2::default_delete<zxtest::Test>> (zxtest::internal::TestDriver*)>)
271, zxtest::TestRef zxtest::Runner::RegisterTest<zxtest::Test, Conformance_Size5Alignment4Array_V2_Decode_Class>(fbl::String const&, fbl::String const&, char const*, int, fit::function_impl<16ul, false, std::__2::unique_ptr<zxtest::Test, std::__2::default_delete<zxtest::Test>> (zxtest::internal::TestDriver*)>)
271, zxtest::TestRef zxtest::Runner::RegisterTest<zxtest::Test, Conformance_Size5Alignment4Vector_V2_Decode_Class>(fbl::String const&, fbl::String const&, char const*, int, fit::function_impl<16ul, false, std::__2::unique_ptr<zxtest::Test, std::__2::default_delete<zxtest::Test>> (zxtest::internal::TestDriver*)>)
273, fidl::internal::NaturalCodingTraits<std::__2::vector<test_conformance::Size5Alignment4, std::__2::allocator<test_conformance::Size5Alignment4>>, fidl::internal::NaturalCodingConstraintVector<fidl::internal::NaturalCodingConstraintEmpty, 18446744073709551615ul>, void>::Decode(fidl::internal::NaturalDecoder*, std::__2::vector<test_conformance::Size5Alignment4, std::__2::allocator<test_conformance::Size5Alignment4>>*, unsigned long, unsigned long)
2736, Conformance_Size5Alignment4_randomly_generated_V2_Decode_Class::TestBody()
4833, Conformance_Size5Alignment4Vector_V2_Decode_Class::TestBody()
5393, Conformance_Size5Alignment4Array_V2_Decode_Class::TestBody()